metric,fear_mean,greed_mean,fear_median,greed_median,p_value,significant
daily_pnl,118800.60593347371,99675.5167305,19451.742477,35988.3764365,0.7688903130284539,False
win_rate,0.41461566265949845,0.37407443523093875,0.3961661341853035,0.41259896564934234,0.4790358520017657,False
avg_leverage,1.0,1.0,1.0,1.0,,False
trade_count,2821.6140350877195,1134.03125,1136.0,275.0,0.022203194768090354,True
long_short_ratio,2.1531455805491873,8.723971994515614,0.8924234893133566,0.8817817613595818,0.35565441869090286,False
max_daily_drawdown,-16593.48774801754,-10330.751543437505,0.0,0.0,0.6353409434615407,False
